Workbook

Sheet Data
A1: Treatment | B1: Rotation | C1: Year | D1: Region | E1: Soil PAWC | F1: Time of break | G1: Quality of break | H1: Spring rainfall decile | I1: GS rainfall decile | J1: 3 Previous Land Use | K1: 2 Previous Land Use | L1: Previous Land Use | M1: Current Land Use | N1: =J1&" N Level" -> 3 Previous Land Use N Level | O1: =K1&" N Level" -> 2 Previous Land Use N Level | P1: =L1&" N Level" -> Previous Land Use N Level | Q1: N Rate (kg N/ha) | R1: Yield (t/ha) | S1: Protein (%) | T1: Screenings (%) | U1: Grain Nitrogen % | V1: Nitrogen Removal | W1: NUE (yield Nf) | X1: Total available soil N (kg/ha)
A2: H | B2: No Legume | C2: 2023 | D2: Kendenup | E2: Medium | F2: Late | G2: Poor | H2: Poor | I2: Good | M2: Wheat | Q2: 146.2 | R2: 3.281471 | S2: 11.1 | T2: 4.5588514 | U2: =S2/VLOOKUP(M2,Constants!$A$2:$B$5,2,FALSE) -> 1.9137931 | V2: =U2/100*R2*1000 -> 62.800566 | W2: =V2/Q2 -> 0.42955243 | X2: 87.56
A3: L | B3: No Legume | C3: 2023 | D3: Kendenup | E3: Medium | F3: Late | G3: Poor | H3: Poor | I3: Good | M3: Wheat | Q3: 79.2 | R3: 2.9816124 | S3: 9.8 | T3: 3.594812 | U3: =S3/VLOOKUP(M3,Constants!$A$2:$B$5,2,FALSE) -> 1.6896552 | V3: =U3/100*R3*1000 -> 50.378969 | W3: =V3/Q3 -> 0.63609809 | X3: 87.95
A4: N | B4: No Legume | C4: 2023 | D4: Kendenup | E4: Medium | F4: Late | G4: Poor | H4: Poor | I4: Good | M4: Wheat | Q4: 10 | R4: 2.1669024 | S4: 9.4 | T4: 2.2471319 | U4: =S4/VLOOKUP(M4,Constants!$A$2:$B$5,2,FALSE) -> 1.6206897 | V4: =U4/100*R4*1000 -> 35.118763 | W4: =V4/Q4 -> 3.5118763 | X4: 99.81
A5: N | B5: No Legume | C5: 2023 | D5: Kendenup | E5: Medium | F5: Late | G5: Poor | H5: Poor | I5: Good | M5: Canola | Q5: 10 | R5: 0.99009901 | S5: 19.5 | T5: 0 | U5: =S5/VLOOKUP(M5,Constants!$A$2:$B$5,2,FALSE) -> 3.12 | V5: =U5/100*R5*1000 -> 30.891089 | W5: =V5/Q5 -> 3.0891089 | X5: 63.65
A6: L | B6: No Legume | C6: 2023 | D6: Kendenup | E6: Medium | F6: Late | G6: Poor | H6: Poor | I6: Good | M6: Canola | Q6: 75.2 | R6: 1.2050919 | S6: 19.6 | T6: 0 | U6: =S6/VLOOKUP(M6,Constants!$A$2:$B$5,2,FALSE) -> 3.136 | V6: =U6/100*R6*1000 -> 37.791683 | W6: =V6/Q6 -> 0.50254898 | X6: 121.58
A7: H | B7: No Legume | C7: 2023 | D7: Kendenup | E7: Medium | F7: Late | G7: Poor | H7: Poor | I7: Good | M7: Canola | Q7: 175.2 | R7: 1.6237624 | S7: 20.8 | T7: 0 | U7: =S7/VLOOKUP(M7,Constants!$A$2:$B$5,2,FALSE) -> 3.328 | V7: =U7/100*R7*1000 -> 54.038812 | W7: =V7/Q7 -> 0.30844071 | X7: 83.3
A8: N | B8: Single Break | C8: 2023 | D8: Kendenup | E8: Medium | F8: Late | G8: Poor | H8: Poor | I8: Good | M8: Wheat | Q8: 10 | R8: 1.5615276 | S8: 10.1 | T8: 3.4128005 | U8: =S8/VLOOKUP(M8,Constants!$A$2:$B$5,2,FALSE) -> 1.7413793 | V8: =U8/100*R8*1000 -> 27.192118 | W8: =V8/Q8 -> 2.7192118 | X8: 68.11
A9: H | B9: Single Break | C9: 2023 | D9: Kendenup | E9: Medium | F9: Late | G9: Poor | H9: Poor | I9: Good | M9: Wheat | Q9: 146.2 | R9: 2.330976 | S9: 11.2 | T9: 4.3620712 | U9: =S9/VLOOKUP(M9,Constants!$A$2:$B$5,2,FALSE) -> 1.9310345 | V9: =U9/100*R9*1000 -> 45.011949 | W9: =V9/Q9 -> 0.30787927 | X9: 73.85
A10: L | B10: Single Break | C10: 2023 | D10: Kendenup | E10: Medium | F10: Late | G10: Poor | H10: Poor | I10: Good | M10: Wheat | Q10: 79.2 | R10: 1.9009901 | S10: 10.6 | T10: 3.8078451 | U10: =S10/VLOOKUP(M10,Constants!$A$2:$B$5,2,FALSE) -> 1.8275862 | V10: =U10/100*R10*1000 -> 34.742233 | W10: =V10/Q10 -> 0.43866456 | X10: 77.1
A11: L | B11: Single Break | C11: 2023 | D11: Kendenup | E11: Medium | F11: Late | G11: Poor | H11: Poor | I11: Good | M11: Canola | Q11: 75.2 | R11: 1.397454 | S11: 19.4 | T11: 0 | U11: =S11/VLOOKUP(M11,Constants!$A$2:$B$5,2,FALSE) -> 3.104 | V11: =U11/100*R11*1000 -> 43.376973 | W11: =V11/Q11 -> 0.57682145
A12: N | B12: Single Break | C12: 2023 | D12: Kendenup | E12: Medium | F12: Late | G12: Poor | H12: Poor | I12: Good | M12: Canola | Q12: 10 | R12: 1.0127298 | S12: 20.3 | T12: 0 | U12: =S12/VLOOKUP(M12,Constants!$A$2:$B$5,2,FALSE) -> 3.248 | V12: =U12/100*R12*1000 -> 32.893465 | W12: =V12/Q12 -> 3.2893465
A13: H | B13: Single Break | C13: 2023 | D13: Kendenup | E13: Medium | F13: Late | G13: Poor | H13: Poor | I13: Good | M13: Canola | Q13: 175.2 | R13: 1.5502122 | S13: 20.8 | T13: 0 | U13: =S13/VLOOKUP(M13,Constants!$A$2:$B$5,2,FALSE) -> 3.328 | V13: =U13/100*R13*1000 -> 51.591061 | W13: =V13/Q13 -> 0.29446953
A14: H | B14: Single Break | C14: 2023 | D14: Kendenup | E14: Medium | F14: Late | G14: Poor | H14: Poor | I14: Good | M14: Barley | Q14: 146.2 | R14: 3.8019802 | S14: 12.2 | T14: 2.1453058 | U14: =S14/VLOOKUP(M14,Constants!$A$2:$B$5,2,FALSE) -> 2.1746881 | V14: =U14/100*R14*1000 -> 82.681209 | W14: =V14/Q14 -> 0.56553495 | X14: 91.11
A15: N | B15: Single Break | C15: 2023 | D15: Kendenup | E15: Medium | F15: Late | G15: Poor | H15: Poor | I15: Good | M15: Barley | Q15: 10 | R15: 2.1725601 | S15: 10.5 | T15: 2.8575994 | U15: =S15/VLOOKUP(M15,Constants!$A$2:$B$5,2,FALSE) -> 1.8716578 | V15: =U15/100*R15*1000 -> 40.66289 | W15: =V15/Q15 -> 4.066289 | X15: 54.6
A16: L | B16: Single Break | C16: 2023 | D16: Kendenup | E16: Medium | F16: Late | G16: Poor | H16: Poor | I16: Good | M16: Barley | Q16: 79.2 | R16: 3.1739745 | S16: 11.4 | T16: 3.0097246 | U16: =S16/VLOOKUP(M16,Constants!$A$2:$B$5,2,FALSE) -> 2.0320856 | V16: =U16/100*R16*1000 -> 64.497878 | W16: =V16/Q16 -> 0.81436715 | X16: 44.74
A17: N | B17: Single Break | C17: 2023 | D17: Kendenup | E17: Medium | F17: Late | G17: Poor | H17: Poor | I17: Good | M17: Lupin | Q17: 10 | R17: 2.8005658 | S17: 29.1 | T17: 0 | U17: =S17/VLOOKUP(M17,Constants!$A$2:$B$5,2,FALSE) -> 4.656 | V17: =U17/100*R17*1000 -> 130.39434 | W17: =V17/Q17 -> 13.039434 | X17: 103.7
A18: H | B18: Single Break | C18: 2023 | D18: Kendenup | E18: Medium | F18: Late | G18: Poor | H18: Poor | I18: Good | M18: Lupin | Q18: 10 | R18: 2.5007072 | S18: 29.7 | T18: 0 | U18: =S18/VLOOKUP(M18,Constants!$A$2:$B$5,2,FALSE) -> 4.752 | V18: =U18/100*R18*1000 -> 118.83361 | W18: =V18/Q18 -> 11.883361 | X18: 67.28
A19: L | B19: Single Break | C19: 2023 | D19: Kendenup | E19: Medium | F19: Late | G19: Poor | H19: Poor | I19: Good | M19: Lupin | Q19: 10 | R19: 2.7779349 | S19: 29 | T19: 0 | U19: =S19/VLOOKUP(M19,Constants!$A$2:$B$5,2,FALSE) -> 4.64 | V19: =U19/100*R19*1000 -> 128.89618 | W19: =V19/Q19 -> 12.889618
A20: L | B20: Double Break | C20: 2023 | D20: Kendenup | E20: Medium | F20: Late | G20: Poor | H20: Poor | I20: Good | M20: Lupin | Q20: 10 | R20: 1.9915134 | S20: 33 | T20: 0 | U20: =S20/VLOOKUP(M20,Constants!$A$2:$B$5,2,FALSE) -> 5.28 | V20: =U20/100*R20*1000 -> 105.15191 | W20: =V20/Q20 -> 10.515191
A21: H | B21: Double Break | C21: 2023 | D21: Kendenup | E21: Medium | F21: Late | G21: Poor | H21: Poor | I21: Good | M21: Lupin | Q21: 10 | R21: 2.2743989 | S21: 29.4 | T21: 0 | U21: =S21/VLOOKUP(M21,Constants!$A$2:$B$5,2,FALSE) -> 4.704 | V21: =U21/100*R21*1000 -> 106.98772 | W21: =V21/Q21 -> 10.698772
A22: N | B22: Double Break | C22: 2023 | D22: Kendenup | E22: Medium | F22: Late | G22: Poor | H22: Poor | I22: Good | M22: Lupin | Q22: 10 | R22: 2.1442716 | S22: 29.3 | T22: 0 | U22: =S22/VLOOKUP(M22,Constants!$A$2:$B$5,2,FALSE) -> 4.688 | V22: =U22/100*R22*1000 -> 100.52345 | W22: =V22/Q22 -> 10.052345
A23: N | B23: Double Break | C23: 2023 | D23: Kendenup | E23: Medium | F23: Late | G23: Poor | H23: Poor | I23: Good | M23: Canola | Q23: 10 | R23: 0.3960396 | S23: 21.4 | T23: 0 | U23: =S23/VLOOKUP(M23,Constants!$A$2:$B$5,2,FALSE) -> 3.424 | V23: =U23/100*R23*1000 -> 13.560396 | W23: =V23/Q23 -> 1.3560396
A24: L | B24: Double Break | C24: 2023 | D24: Kendenup | E24: Medium | F24: Late | G24: Poor | H24: Poor | I24: Good | M24: Canola | Q24: 75.2 | R24: 0.7864215 | S24: 21.6 | T24: 0 | U24: =S24/VLOOKUP(M24,Constants!$A$2:$B$5,2,FALSE) -> 3.456 | V24: =U24/100*R24*1000 -> 27.178727 | W24: =V24/Q24 -> 0.36141924
A25: H | B25: Double Break | C25: 2023 | D25: Kendenup | E25: Medium | F25: Late | G25: Poor | H25: Poor | I25: Good | M25: Canola | Q25: 175.2 | R25: 1.0862801 | S25: 21.9 | T25: 0 | U25: =S25/VLOOKUP(M25,Constants!$A$2:$B$5,2,FALSE) -> 3.504 | V25: =U25/100*R25*1000 -> 38.063253 | W25: =V25/Q25 -> 0.21725601
A26: N | B26: Double Break | C26: 2023 | D26: Kendenup | E26: Medium | F26: Late | G26: Poor | H26: Poor | I26: Good | M26: Barley | Q26: 10 | R26: 1.3125884 | S26: 9.4 | T26: 2.2883672 | U26: =S26/VLOOKUP(M26,Constants!$A$2:$B$5,2,FALSE) -> 1.6755793 | V26: =U26/100*R26*1000 -> 21.99346 | W26: =V26/Q26 -> 2.199346 | X26: 60.53
A27: L | B27: Double Break | C27: 2023 | D27: Kendenup | E27: Medium | F27: Late | G27: Poor | H27: Poor | I27: Good | M27: Barley | Q27: 79.2 | R27: 2.5063649 | S27: 11.2 | T27: 4.0408016 | U27: =S27/VLOOKUP(M27,Constants!$A$2:$B$5,2,FALSE) -> 1.9964349 | V27: =U27/100*R27*1000 -> 50.037945 | W27: =V27/Q27 -> 0.63179223 | X27: 61.505
A28: H | B28: Double Break | C28: 2023 | D28: Kendenup | E28: Medium | F28: Late | G28: Poor | H28: Poor | I28: Good | M28: Barley | Q28: 146.2 | R28: 2.0367751 | S28: 11.8 | T28: 3.7438038 | U28: =S28/VLOOKUP(M28,Constants!$A$2:$B$5,2,FALSE) -> 2.1033868 | V28: =U28/100*R28*1000 -> 42.841259 | W28: =V28/Q28 -> 0.29303187 | X28: 52.885
A29: H | B29: Double Break | C29: 2023 | D29: Kendenup | E29: Medium | F29: Late | G29: Poor | H29: Poor | I29: Good | M29: Wheat | Q29: 146.2 | R29: 2.1442716 | S29: 11.6 | T29: 4.5131357 | U29: =S29/VLOOKUP(M29,Constants!$A$2:$B$5,2,FALSE) -> 2 | V29: =U29/100*R29*1000 -> 42.885431 | W29: =V29/Q29 -> 0.293334
A30: L | B30: Double Break | C30: 2023 | D30: Kendenup | E30: Medium | F30: Late | G30: Poor | H30: Poor | I30: Good | M30: Wheat | Q30: 79.2 | R30: 2.2574257 | S30: 10.1 | T30: 3.9294282 | U30: =S30/VLOOKUP(M30,Constants!$A$2:$B$5,2,FALSE) -> 1.7413793 | V30: =U30/100*R30*1000 -> 39.310345 | W30: =V30/Q30 -> 0.49634274
A31: N | B31: Double Break | C31: 2023 | D31: Kendenup | E31: Medium | F31: Late | G31: Poor | H31: Poor | I31: Good | M31: Wheat | Q31: 10 | R31: 1.6011315 | S31: 9.8 | T31: 0.42999874 | U31: =S31/VLOOKUP(M31,Constants!$A$2:$B$5,2,FALSE) -> 1.6896552 | V31: =U31/100*R31*1000 -> 27.053602 | W31: =V31/Q31 -> 2.7053602
A32: H | B32: Single Break | C32: 2023 | D32: Kendenup | E32: Medium | F32: Late | G32: Poor | H32: Poor | I32: Good | M32: Barley | Q32: 146.2 | R32: 4.3485714 | S32: 11.1 | T32: 2.808907 | U32: =S32/VLOOKUP(M32,Constants!$A$2:$B$5,2,FALSE) -> 1.9786096 | V32: =U32/100*R32*1000 -> 86.041253 | W32: =V32/Q32 -> 0.58851746 | X32: 74.27
A33: N | B33: Single Break | C33: 2023 | D33: Kendenup | E33: Medium | F33: Late | G33: Poor | H33: Poor | I33: Good | M33: Barley | Q33: 10 | R33: 2.9485714 | S33: 9.8 | T33: 1.3256288 | U33: =S33/VLOOKUP(M33,Constants!$A$2:$B$5,2,FALSE) -> 1.7468806 | V33: =U33/100*R33*1000 -> 51.508021 | W33: =V33/Q33 -> 5.1508021 | X33: 48.55
A34: L | B34: Single Break | C34: 2023 | D34: Kendenup | E34: Medium | F34: Late | G34: Poor | H34: Poor | I34: Good | M34: Barley | Q34: 79.2 | R34: 4.16 | S34: 10.4 | T34: 2.5460744 | U34: =S34/VLOOKUP(M34,Constants!$A$2:$B$5,2,FALSE) -> 1.8538324 | V34: =U34/100*R34*1000 -> 77.11943 | W34: =V34/Q34 -> 0.97373017 | X34: 60.54
A35: L | B35: Double Break | C35: 2023 | D35: Kendenup | E35: Medium | F35: Late | G35: Poor | H35: Poor | I35: Good | M35: Lupin | Q35: 10 | R35: 2.8114286 | S35: 29.3 | T35: 0 | U35: =S35/VLOOKUP(M35,Constants!$A$2:$B$5,2,FALSE) -> 4.688 | V35: =U35/100*R35*1000 -> 131.79977 | W35: =V35/Q35 -> 13.179977
A36: H | B36: Double Break | C36: 2023 | D36: Kendenup | E36: Medium | F36: Late | G36: Poor | H36: Poor | I36: Good | M36: Lupin | Q36: 10 | R36: 3.3314286 | S36: 33.2 | T36: 0 | U36: =S36/VLOOKUP(M36,Constants!$A$2:$B$5,2,FALSE) -> 5.312 | V36: =U36/100*R36*1000 -> 176.96549 | W36: =V36/Q36 -> 17.696549
A37: N | B37: Double Break | C37: 2023 | D37: Kendenup | E37: Medium | F37: Late | G37: Poor | H37: Poor | I37: Good | M37: Lupin | Q37: 10 | R37: 3.2685714 | S37: 28.9 | T37: 0 | U37: =S37/VLOOKUP(M37,Constants!$A$2:$B$5,2,FALSE) -> 4.624 | V37: =U37/100*R37*1000 -> 151.13874 | W37: =V37/Q37 -> 15.113874
A38: N | B38: Double Break | C38: 2023 | D38: Kendenup | E38: Medium | F38: Late | G38: Poor | H38: Poor | I38: Good | M38: Canola | Q38: 10 | R38: 0.96 | S38: 18.9 | T38: 0 | U38: =S38/VLOOKUP(M38,Constants!$A$2:$B$5,2,FALSE) -> 3.024 | V38: =U38/100*R38*1000 -> 29.0304 | W38: =V38/Q38 -> 2.90304
A39: H | B39: Double Break | C39: 2023 | D39: Kendenup | E39: Medium | F39: Late | G39: Poor | H39: Poor | I39: Good | M39: Canola | Q39: 175.2 | R39: 1.5257143 | S39: 20 | T39: 0 | U39: =S39/VLOOKUP(M39,Constants!$A$2:$B$5,2,FALSE) -> 3.2 | V39: =U39/100*R39*1000 -> 48.822857 | W39: =V39/Q39 -> 0.27866928
A40: L | B40: Double Break | C40: 2023 | D40: Kendenup | E40: Medium | F40: Late | G40: Poor | H40: Poor | I40: Good | M40: Canola | Q40: 75.2 | R40: 1.3828571 | S40: 18.8 | T40: 0 | U40: =S40/VLOOKUP(M40,Constants!$A$2:$B$5,2,FALSE) -> 3.008 | V40: =U40/100*R40*1000 -> 41.596343 | W40: =V40/Q40 -> 0.55314286
A41: N | B41: No Legume | C41: 2023 | D41: Kendenup | E41: Medium | F41: Late | G41: Poor | H41: Poor | I41: Good | M41: Canola | Q41: 10 | R41: 1.3771429 | S41: 18.2 | T41: 0 | U41: =S41/VLOOKUP(M41,Constants!$A$2:$B$5,2,FALSE) -> 2.912 | V41: =U41/100*R41*1000 -> 40.1024 | W41: =V41/Q41 -> 4.01024 | X41: 80.02
A42: L | B42: No Legume | C42: 2023 | D42: Kendenup | E42: Medium | F42: Late | G42: Poor | H42: Poor | I42: Good | M42: Canola | Q42: 75.2 | R42: 1.7371429 | S42: 19.4 | T42: 0 | U42: =S42/VLOOKUP(M42,Constants!$A$2:$B$5,2,FALSE) -> 3.104 | V42: =U42/100*R42*1000 -> 53.920914 | W42: =V42/Q42 -> 0.71703343 | X42: 64.215
A43: H | B43: No Legume | C43: 2023 | D43: Kendenup | E43: Medium | F43: Late | G43: Poor | H43: Poor | I43: Good | M43: Canola | Q43: 175.2 | R43: 1.96 | S43: 20.3 | T43: 0 | U43: =S43/VLOOKUP(M43,Constants!$A$2:$B$5,2,FALSE) -> 3.248 | V43: =U43/100*R43*1000 -> 63.6608 | W43: =V43/Q43 -> 0.36336073 | X43: 116.26
A44: H | B44: Double Break | C44: 2023 | D44: Kendenup | E44: Medium | F44: Late | G44: Poor | H44: Poor | I44: Good | M44: Wheat | Q44: 146.2 | R44: 3.8228571 | S44: 11 | T44: 2.4732843 | U44: =S44/VLOOKUP(M44,Constants!$A$2:$B$5,2,FALSE) -> 1.8965517 | V44: =U44/100*R44*1000 -> 72.502463 | W44: =V44/Q44 -> 0.49591288
A45: L | B45: Double Break | C45: 2023 | D45: Kendenup | E45: Medium | F45: Late | G45: Poor | H45: Poor | I45: Good | M45: Wheat | Q45: 79.2 | R45: 3.0342857 | S45: 9.8 | T45: 3.9996082 | U45: =S45/VLOOKUP(M45,Constants!$A$2:$B$5,2,FALSE) -> 1.6896552 | V45: =U45/100*R45*1000 -> 51.268966 | W45: =V45/Q45 -> 0.64733542
A46: N | B46: Double Break | C46: 2023 | D46: Kendenup | E46: Medium | F46: Late | G46: Poor | H46: Poor | I46: Good | M46: Wheat | Q46: 10 | R46: 3.3542857 | S46: 9.2 | T46: 2.140884 | U46: =S46/VLOOKUP(M46,Constants!$A$2:$B$5,2,FALSE) -> 1.5862069 | V46: =U46/100*R46*1000 -> 53.205911 | W46: =V46/Q46 -> 5.3205911
A47: L | B47: No Legume | C47: 2023 | D47: Kendenup | E47: Medium | F47: Late | G47: Poor | H47: Poor | I47: Good | M47: Wheat | Q47: 79.2 | R47: 3.4628571 | S47: 9.7 | T47: 2.9491833 | U47: =S47/VLOOKUP(M47,Constants!$A$2:$B$5,2,FALSE) -> 1.6724138 | V47: =U47/100*R47*1000 -> 57.9133 | W47: =V47/Q47 -> 0.73122854
A48: N | B48: No Legume | C48: 2023 | D48: Kendenup | E48: Medium | F48: Late | G48: Poor | H48: Poor | I48: Good | M48: Wheat | Q48: 10 | R48: 2.1714286 | S48: 9.4 | T48: 2.8840688 | U48: =S48/VLOOKUP(M48,Constants!$A$2:$B$5,2,FALSE) -> 1.6206897 | V48: =U48/100*R48*1000 -> 35.192118 | W48: =V48/Q48 -> 3.5192118
A49: H | B49: No Legume | C49: 2023 | D49: Kendenup | E49: Medium | F49: Late | G49: Poor | H49: Poor | I49: Good | M49: Wheat | Q49: 146.2 | R49: 3.4514286 | S49: 10.3 | T49: 2.7171291 | U49: =S49/VLOOKUP(M49,Constants!$A$2:$B$5,2,FALSE) -> 1.7758621 | V49: =U49/100*R49*1000 -> 61.292611 | W49: =V49/Q49 -> 0.4192381 | X49: 74.32
A50: H | B50: Double Break | C50: 2023 | D50: Kendenup | E50: Medium | F50: Late | G50: Poor | H50: Poor | I50: Good | M50: Barley | Q50: 146.2 | R50: 2.6 | S50: 11.6 | T50: 8.8194605 | U50: =S50/VLOOKUP(M50,Constants!$A$2:$B$5,2,FALSE) -> 2.0677362 | V50: =U50/100*R50*1000 -> 53.761141 | W50: =V50/Q50 -> 0.36772326
A51: N | B51: Double Break | C51: 2023 | D51: Kendenup | E51: Medium | F51: Late | G51: Poor | H51: Poor | I51: Good | M51: Barley | Q51: 10 | R51: 1.5257143 | S51: 9.6 | T51: 3.7365156 | U51: =S51/VLOOKUP(M51,Constants!$A$2:$B$5,2,FALSE) -> 1.7112299 | V51: =U51/100*R51*1000 -> 26.10848 | W51: =V51/Q51 -> 2.610848
A52: L | B52: Double Break | C52: 2023 | D52: Kendenup | E52: Medium | F52: Late | G52: Poor | H52: Poor | I52: Good | M52: Barley | Q52: 79.2 | R52: 3.1657143 | S52: 10.3 | T52: 3.7390905 | U52: =S52/VLOOKUP(M52,Constants!$A$2:$B$5,2,FALSE) -> 1.8360071 | V52: =U52/100*R52*1000 -> 58.12274 | W52: =V52/Q52 -> 0.73387298
A53: L | B53: Single Break | C53: 2023 | D53: Kendenup | E53: Medium | F53: Late | G53: Poor | H53: Poor | I53: Good | M53: Canola | Q53: 75.2 | R53: 0.92 | S53: 21.4 | T53: 0 | U53: =S53/VLOOKUP(M53,Constants!$A$2:$B$5,2,FALSE) -> 3.424 | V53: =U53/100*R53*1000 -> 31.5008 | W53: =V53/Q53 -> 0.41889362
A54: N | B54: Single Break | C54: 2023 | D54: Kendenup | E54: Medium | F54: Late | G54: Poor | H54: Poor | I54: Good | M54: Canola | Q54: 10 | R54: 0.32 | S54: 20.8 | T54: 0 | U54: =S54/VLOOKUP(M54,Constants!$A$2:$B$5,2,FALSE) -> 3.328 | V54: =U54/100*R54*1000 -> 10.6496 | W54: =V54/Q54 -> 1.06496
A55: H | B55: Single Break | C55: 2023 | D55: Kendenup | E55: Medium | F55: Late | G55: Poor | H55: Poor | I55: Good | M55: Canola | Q55: 175.2 | R55: 1.2742857 | S55: 20.8 | T55: 0 | U55: =S55/VLOOKUP(M55,Constants!$A$2:$B$5,2,FALSE) -> 3.328 | V55: =U55/100*R55*1000 -> 42.408229 | W55: =V55/Q55 -> 0.2420561
A56: N | B56: Single Break | C56: 2023 | D56: Kendenup | E56: Medium | F56: Late | G56: Poor | H56: Poor | I56: Good | M56: Lupin | Q56: 10 | R56: 2.9428571 | S56: 29.4 | T56: 0 | U56: =S56/VLOOKUP(M56,Constants!$A$2:$B$5,2,FALSE) -> 4.704 | V56: =U56/100*R56*1000 -> 138.432 | W56: =V56/Q56 -> 13.8432 | X56: 57.89
A57: H | B57: Single Break | C57: 2023 | D57: Kendenup | E57: Medium | F57: Late | G57: Poor | H57: Poor | I57: Good | M57: Lupin | Q57: 10 | R57: 3.08 | S57: 29.8 | T57: 0 | U57: =S57/VLOOKUP(M57,Constants!$A$2:$B$5,2,FALSE) -> 4.768 | V57: =U57/100*R57*1000 -> 146.8544 | W57: =V57/Q57 -> 14.68544 | X57: 62.32
A58: L | B58: Single Break | C58: 2023 | D58: Kendenup | E58: Medium | F58: Late | G58: Poor | H58: Poor | I58: Good | M58: Lupin | Q58: 10 | R58: 2.9828571 | S58: 30.4 | T58: 0 | U58: =S58/VLOOKUP(M58,Constants!$A$2:$B$5,2,FALSE) -> 4.864 | V58: =U58/100*R58*1000 -> 145.08617 | W58: =V58/Q58 -> 14.508617 | X58: 55.36
A59: L | B59: Single Break | C59: 2023 | D59: Kendenup | E59: Medium | F59: Late | G59: Poor | H59: Poor | I59: Good | M59: Wheat | Q59: 79.2 | R59: 3.1828571 | S59: 10.3 | T59: 3.363578 | U59: =S59/VLOOKUP(M59,Constants!$A$2:$B$5,2,FALSE) -> 1.7758621 | V59: =U59/100*R59*1000 -> 56.523153 | W59: =V59/Q59 -> 0.71367617
A60: H | B60: Single Break | C60: 2023 | D60: Kendenup | E60: Medium | F60: Late | G60: Poor | H60: Poor | I60: Good | M60: Wheat | Q60: 146.2 | R60: 2.48 | S60: 11.3 | T60: 3.3803361 | U60: =S60/VLOOKUP(M60,Constants!$A$2:$B$5,2,FALSE) -> 1.9482759 | V60: =U60/100*R60*1000 -> 48.317241 | W60: =V60/Q60 -> 0.33048729
A61: N | B61: Single Break | C61: 2023 | D61: Kendenup | E61: Medium | F61: Late | G61: Poor | H61: Poor | I61: Good | M61: Wheat | Q61: 10 | R61: 1.3714286 | S61: 9.3 | T61: 2.397239 | U61: =S61/VLOOKUP(M61,Constants!$A$2:$B$5,2,FALSE) -> 1.6034483 | V61: =U61/100*R61*1000 -> 21.990148 | W61: =V61/Q61 -> 2.1990148
A62: N | B62: Double Break | C62: 2023 | D62: Kendenup | E62: Medium | F62: Late | G62: Poor | H62: Poor | I62: Good | M62: Barley | Q62: 10 | R62: 2.8057143 | S62: 10.4 | T62: 3.6870647 | U62: =S62/VLOOKUP(M62,Constants!$A$2:$B$5,2,FALSE) -> 1.8538324 | V62: =U62/100*R62*1000 -> 52.013242 | W62: =V62/Q62 -> 5.2013242 | X62: 39.595
A63: L | B63: Double Break | C63: 2023 | D63: Kendenup | E63: Medium | F63: Late | G63: Poor | H63: Poor | I63: Good | M63: Barley | Q63: 79.2 | R63: 3.0457143 | S63: 11.7 | T63: 3.0109489 | U63: =S63/VLOOKUP(M63,Constants!$A$2:$B$5,2,FALSE) -> 2.0855615 | V63: =U63/100*R63*1000 -> 63.520244 | W63: =V63/Q63 -> 0.80202329 | X63: 55.66
A64: H | B64: Double Break | C64: 2023 | D64: Kendenup | E64: Medium | F64: Late | G64: Poor | H64: Poor | I64: Good | M64: Barley | Q64: 146.2 | R64: 3.4285714 | S64: 12.6 | T64: 6.5651684 | U64: =S64/VLOOKUP(M64,Constants!$A$2:$B$5,2,FALSE) -> 2.2459893 | V64: =U64/100*R64*1000 -> 77.005348 | W64: =V64/Q64 -> 0.52671236 | X64: 68.16
A65: L | B65: Single Break | C65: 2023 | D65: Kendenup | E65: Medium | F65: Late | G65: Poor | H65: Poor | I65: Good | M65: Wheat | Q65: 79.2 | R65: 2.5771429 | S65: 9.5 | T65: 3.738021 | U65: =S65/VLOOKUP(M65,Constants!$A$2:$B$5,2,FALSE) -> 1.637931 | V65: =U65/100*R65*1000 -> 42.211823 | W65: =V65/Q65 -> 0.53297756 | X65: 73.21
A66: H | B66: Single Break | C66: 2023 | D66: Kendenup | E66: Medium | F66: Late | G66: Poor | H66: Poor | I66: Good | M66: Wheat | Q66: 146.2 | R66: 3.0057143 | S66: 10 | T66: 3.596271 | U66: =S66/VLOOKUP(M66,Constants!$A$2:$B$5,2,FALSE) -> 1.7241379 | V66: =U66/100*R66*1000 -> 51.82266 | W66: =V66/Q66 -> 0.35446416 | X66: 60.02
A67: N | B67: Single Break | C67: 2023 | D67: Kendenup | E67: Medium | F67: Late | G67: Poor | H67: Poor | I67: Good | M67: Wheat | Q67: 10 | R67: 2.6114286 | S67: 8.5 | T67: 2.333779 | U67: =S67/VLOOKUP(M67,Constants!$A$2:$B$5,2,FALSE) -> 1.4655172 | V67: =U67/100*R67*1000 -> 38.270936 | W67: =V67/Q67 -> 3.8270936 | X67: 51.97
A68: H | B68: No Legume | C68: 2023 | D68: Kendenup | E68: Medium | F68: Late | G68: Poor | H68: Poor | I68: Good | M68: Wheat | Q68: 146.2 | R68: 4.08 | S68: 9.5 | T68: 1.8304014 | U68: =S68/VLOOKUP(M68,Constants!$A$2:$B$5,2,FALSE) -> 1.637931 | V68: =U68/100*R68*1000 -> 66.827586 | W68: =V68/Q68 -> 0.45709703 | X68: 45.96
A69: N | B69: No Legume | C69: 2023 | D69: Kendenup | E69: Medium | F69: Late | G69: Poor | H69: Poor | I69: Good | M69: Wheat | Q69: 10 | R69: 2.4857143 | S69: 7.9 | T69: 1.7220064 | U69: =S69/VLOOKUP(M69,Constants!$A$2:$B$5,2,FALSE) -> 1.362069 | V69: =U69/100*R69*1000 -> 33.857143 | W69: =V69/Q69 -> 3.3857143 | X69: 40.18
A70: L | B70: No Legume | C70: 2023 | D70: Kendenup | E70: Medium | F70: Late | G70: Poor | H70: Poor | I70: Good | M70: Wheat | Q70: 79.2 | R70: 3.96 | S70: 8.6 | T70: 1.321122 | U70: =S70/VLOOKUP(M70,Constants!$A$2:$B$5,2,FALSE) -> 1.4827586 | V70: =U70/100*R70*1000 -> 58.717241 | W70: =V70/Q70 -> 0.74137931 | X70: 35.77
A71: N | B71: Single Break | C71: 2023 | D71: Kendenup | E71: Medium | F71: Late | G71: Poor | H71: Poor | I71: Good | M71: Lupin | Q71: 10 | R71: 2.9314286 | S71: 29.3 | T71: 0 | U71: =S71/VLOOKUP(M71,Constants!$A$2:$B$5,2,FALSE) -> 4.688 | V71: =U71/100*R71*1000 -> 137.42537 | W71: =V71/Q71 -> 13.742537 | X71: 33.69
A72: H | B72: Single Break | C72: 2023 | D72: Kendenup | E72: Medium | F72: Late | G72: Poor | H72: Poor | I72: Good | M72: Lupin | Q72: 10 | R72: 3.28 | S72: 29.5 | T72: 0 | U72: =S72/VLOOKUP(M72,Constants!$A$2:$B$5,2,FALSE) -> 4.72 | V72: =U72/100*R72*1000 -> 154.816 | W72: =V72/Q72 -> 15.4816 | X72: 51.42
A73: L | B73: Single Break | C73: 2023 | D73: Kendenup | E73: Medium | F73: Late | G73: Poor | H73: Poor | I73: Good | M73: Lupin | Q73: 10 | R73: 3.16 | S73: 29.1 | T73: 0 | U73: =S73/VLOOKUP(M73,Constants!$A$2:$B$5,2,FALSE) -> 4.656 | V73: =U73/100*R73*1000 -> 147.1296 | W73: =V73/Q73 -> 14.71296 | X73: 80.2
A74: H | B74: Single Break | C74: 2023 | D74: Kendenup | E74: Medium | F74: Late | G74: Poor | H74: Poor | I74: Good | M74: Canola | Q74: 175.2 | R74: 1.9771429 | S74: 20.1 | T74: 0 | U74: =S74/VLOOKUP(M74,Constants!$A$2:$B$5,2,FALSE) -> 3.216 | V74: =U74/100*R74*1000 -> 63.584914 | W74: =V74/Q74 -> 0.36292759
A75: L | B75: Single Break | C75: 2023 | D75: Kendenup | E75: Medium | F75: Late | G75: Poor | H75: Poor | I75: Good | M75: Canola | Q75: 75.2 | R75: 1.7428571 | S75: 19.6 | T75: 0 | U75: =S75/VLOOKUP(M75,Constants!$A$2:$B$5,2,FALSE) -> 3.136 | V75: =U75/100*R75*1000 -> 54.656 | W75: =V75/Q75 -> 0.72680851
A76: N | B76: Single Break | C76: 2023 | D76: Kendenup | E76: Medium | F76: Late | G76: Poor | H76: Poor | I76: Good | M76: Canola | Q76: 10 | R76: 1.2914286 | S76: 19.9 | T76: 0 | U76: =S76/VLOOKUP(M76,Constants!$A$2:$B$5,2,FALSE) -> 3.184 | V76: =U76/100*R76*1000 -> 41.119086 | W76: =V76/Q76 -> 4.1119086
A77: H | B77: Double Break | C77: 2023 | D77: Kendenup | E77: Medium | F77: Late | G77: Poor | H77: Poor | I77: Good | M77: Canola | Q77: 175.2 | R77: 1.7371429 | S77: 20.5 | T77: 0 | U77: =S77/VLOOKUP(M77,Constants!$A$2:$B$5,2,FALSE) -> 3.28 | V77: =U77/100*R77*1000 -> 56.978286 | W77: =V77/Q77 -> 0.32521853 | X77: 104.03
A78: N | B78: Double Break | C78: 2023 | D78: Kendenup | E78: Medium | F78: Late | G78: Poor | H78: Poor | I78: Good | M78: Canola | Q78: 10 | R78: 1.0285714 | S78: 20.5 | T78: 0 | U78: =S78/VLOOKUP(M78,Constants!$A$2:$B$5,2,FALSE) -> 3.28 | V78: =U78/100*R78*1000 -> 33.737143 | W78: =V78/Q78 -> 3.3737143 | X78: 23.725
A79: L | B79: Double Break | C79: 2023 | D79: Kendenup | E79: Medium | F79: Late | G79: Poor | H79: Poor | I79: Good | M79: Canola | Q79: 75.2 | R79: 1.2857143 | S79: 19.8 | T79: 0 | U79: =S79/VLOOKUP(M79,Constants!$A$2:$B$5,2,FALSE) -> 3.168 | V79: =U79/100*R79*1000 -> 40.731429 | W79: =V79/Q79 -> 0.54164134 | X79: 117.05
A80: N | B80: Single Break | C80: 2023 | D80: Kendenup | E80: Medium | F80: Late | G80: Poor | H80: Poor | I80: Good | M80: Barley | Q80: 10 | R80: 1.56 | S80: 10 | T80: 2.1722688 | U80: =S80/VLOOKUP(M80,Constants!$A$2:$B$5,2,FALSE) -> 1.7825312 | V80: =U80/100*R80*1000 -> 27.807487 | W80: =V80/Q80 -> 2.7807487
A81: L | B81: Single Break | C81: 2023 | D81: Kendenup | E81: Medium | F81: Late | G81: Poor | H81: Poor | I81: Good | M81: Barley | Q81: 79.2 | R81: 2.6342857 | S81: 10.3 | T81: 4.0450065 | U81: =S81/VLOOKUP(M81,Constants!$A$2:$B$5,2,FALSE) -> 1.8360071 | V81: =U81/100*R81*1000 -> 48.365674 | W81: =V81/Q81 -> 0.6106777
A82: H | B82: Single Break | C82: 2023 | D82: Kendenup | E82: Medium | F82: Late | G82: Poor | H82: Poor | I82: Good | M82: Barley | Q82: 146.2 | R82: 3.1885714 | S82: 11.1 | T82: 4.88677 | U82: =S82/VLOOKUP(M82,Constants!$A$2:$B$5,2,FALSE) -> 1.9786096 | V82: =U82/100*R82*1000 -> 63.089381 | W82: =V82/Q82 -> 0.43152792
A83: L | B83: No Legume | C83: 2023 | D83: Kendenup | E83: Medium | F83: Late | G83: Poor | H83: Poor | I83: Good | M83: Canola | Q83: 75.2 | R83: 1.1314286 | S83: 21.6 | T83: 0 | U83: =S83/VLOOKUP(M83,Constants!$A$2:$B$5,2,FALSE) -> 3.456 | V83: =U83/100*R83*1000 -> 39.102171 | W83: =V83/Q83 -> 0.51997568
A84: H | B84: No Legume | C84: 2023 | D84: Kendenup | E84: Medium | F84: Late | G84: Poor | H84: Poor | I84: Good | M84: Canola | Q84: 175.2 | R84: 1.2 | S84: 21.4 | T84: 0 | U84: =S84/VLOOKUP(M84,Constants!$A$2:$B$5,2,FALSE) -> 3.424 | V84: =U84/100*R84*1000 -> 41.088 | W84: =V84/Q84 -> 0.23452055
A85: N | B85: No Legume | C85: 2023 | D85: Kendenup | E85: Medium | F85: Late | G85: Poor | H85: Poor | I85: Good | M85: Canola | Q85: 10 | R85: 0.78285714 | S85: 20.5 | T85: 0 | U85: =S85/VLOOKUP(M85,Constants!$A$2:$B$5,2,FALSE) -> 3.28 | V85: =U85/100*R85*1000 -> 25.677714 | W85: =V85/Q85 -> 2.5677714
A86: H | B86: Double Break | C86: 2023 | D86: Kendenup | E86: Medium | F86: Late | G86: Poor | H86: Poor | I86: Good | M86: Wheat | Q86: 146.2 | R86: 3.4742857 | S86: 10 | T86: 1.8867358 | U86: =S86/VLOOKUP(M86,Constants!$A$2:$B$5,2,FALSE) -> 1.7241379 | V86: =U86/100*R86*1000 -> 59.901478 | W86: =V86/Q86 -> 0.40972283 | X86: 42.225
A87: L | B87: Double Break | C87: 2023 | D87: Kendenup | E87: Medium | F87: Late | G87: Poor | H87: Poor | I87: Good | M87: Wheat | Q87: 79.2 | R87: 3.7142857 | S87: 9.2 | T87: 1.5490431 | U87: =S87/VLOOKUP(M87,Constants!$A$2:$B$5,2,FALSE) -> 1.5862069 | V87: =U87/100*R87*1000 -> 58.916256 | W87: =V87/Q87 -> 0.74389212 | X87: 26.91
A88: N | B88: Double Break | C88: 2023 | D88: Kendenup | E88: Medium | F88: Late | G88: Poor | H88: Poor | I88: Good | M88: Wheat | Q88: 10 | R88: 2.4457143 | S88: 8.6 | T88: 2.3442302 | U88: =S88/VLOOKUP(M88,Constants!$A$2:$B$5,2,FALSE) -> 1.4827586 | V88: =U88/100*R88*1000 -> 36.264039 | W88: =V88/Q88 -> 3.6264039 | X88: 24.055
A89: L | B89: Double Break | C89: 2023 | D89: Kendenup | E89: Medium | F89: Late | G89: Poor | H89: Poor | I89: Good | M89: Lupin | Q89: 10 | R89: 3.0457143 | S89: 29.9 | T89: 0 | U89: =S89/VLOOKUP(M89,Constants!$A$2:$B$5,2,FALSE) -> 4.784 | V89: =U89/100*R89*1000 -> 145.70697 | W89: =V89/Q89 -> 14.570697
A90: H | B90: Double Break | C90: 2023 | D90: Kendenup | E90: Medium | F90: Late | G90: Poor | H90: Poor | I90: Good | M90: Lupin | Q90: 10 | R90: 2.7142857 | S90: 30.1 | T90: 0 | U90: =S90/VLOOKUP(M90,Constants!$A$2:$B$5,2,FALSE) -> 4.816 | V90: =U90/100*R90*1000 -> 130.72 | W90: =V90/Q90 -> 13.072
A91: N | B91: Double Break | C91: 2023 | D91: Kendenup | E91: Medium | F91: Late | G91: Poor | H91: Poor | I91: Good | M91: Lupin | Q91: 10 | R91: 2.8742857 | S91: 32.1 | T91: 0 | U91: =S91/VLOOKUP(M91,Constants!$A$2:$B$5,2,FALSE) -> 5.136 | V91: =U91/100*R91*1000 -> 147.62331 | W91: =V91/Q91 -> 14.762331
A92: H | B92: No Legume | C92: 2024 | D92: Kendenup | E92: Medium | F92: Medium | G92: Poor | H92: Poor | I92: Medium | L92: Wheat | M92: Canola | P92: 146.2 | Q92: 175.2 | R92: 1.3788045 | S92: 21.2 | T92: 0 | U92: =S92/VLOOKUP(M92,Constants!$A$2:$B$5,2,FALSE) -> 3.392 | V92: =U92/100*R92*1000 -> 46.76905 | W92: =V92/Q92 -> 0.26694663 | X92: 144.05
A93: L | B93: No Legume | C93: 2024 | D93: Kendenup | E93: Medium | F93: Medium | G93: Poor | H93: Poor | I93: Medium | L93: Wheat | M93: Canola | P93: 79.2 | Q93: 75.2 | R93: 1.7381738 | S93: 20.5 | T93: 0 | U93: =S93/VLOOKUP(M93,Constants!$A$2:$B$5,2,FALSE) -> 3.28 | V93: =U93/100*R93*1000 -> 57.012101 | W93: =V93/Q93 -> 0.75813964 | X93: 61.45
A94: N | B94: No Legume | C94: 2024 | D94: Kendenup | E94: Medium | F94: Medium | G94: Poor | H94: Poor | I94: Medium | L94: Wheat | M94: Canola | P94: 10 | Q94: 10 | R94: 1.650165 | S94: 20.2 | T94: 0 | U94: =S94/VLOOKUP(M94,Constants!$A$2:$B$5,2,FALSE) -> 3.232 | V94: =U94/100*R94*1000 -> 53.333333 | W94: =V94/Q94 -> 5.3333333 | X94: 97.5
A95: N | B95: No Legume | C95: 2024 | D95: Kendenup | E95: Medium | F95: Medium | G95: Poor | H95: Poor | I95: Medium | L95: Canola | M95: Wheat | P95: 10 | Q95: 10 | R95: 3.2666667 | S95: 9.1 | T95: 0 | U95: =S95/VLOOKUP(M95,Constants!$A$2:$B$5,2,FALSE) -> 1.5689655 | V95: =U95/100*R95*1000 -> 51.252874 | W95: =V95/Q95 -> 5.1252874 | X95: 83.2
A96: L | B96: No Legume | C96: 2024 | D96: Kendenup | E96: Medium | F96: Medium | G96: Poor | H96: Poor | I96: Medium | L96: Canola | M96: Wheat | P96: 75.2 | Q96: 79.2 | R96: 3.3111111 | S96: 10.1 | T96: 0 | U96: =S96/VLOOKUP(M96,Constants!$A$2:$B$5,2,FALSE) -> 1.7413793 | V96: =U96/100*R96*1000 -> 57.659004 | W96: =V96/Q96 -> 0.72801773 | X96: 115.65
A97: H | B97: No Legume | C97: 2024 | D97: Kendenup | E97: Medium | F97: Medium | G97: Poor | H97: Poor | I97: Medium | L97: Canola | M97: Wheat | P97: 175.2 | Q97: 146.2 | R97: 2.5925926 | S97: 9.9 | T97: 0 | U97: =S97/VLOOKUP(M97,Constants!$A$2:$B$5,2,FALSE) -> 1.7068966 | V97: =U97/100*R97*1000 -> 44.252874 | W97: =V97/Q97 -> 0.30268723 | X97: 130.2
A98: N | B98: Single Break | C98: 2024 | D98: Kendenup | E98: Medium | F98: Medium | G98: Poor | H98: Poor | I98: Medium | L98: Wheat | M98: Canola | P98: 10 | Q98: 10 | R98: 0.014814815 | S98: 0 | T98: 0 | U98: =S98/VLOOKUP(M98,Constants!$A$2:$B$5,2,FALSE) -> 0 | V98: =U98/100*R98*1000 -> 0 | W98: =V98/Q98 -> 0 | X98: 98.5
A99: H | B99: Single Break | C99: 2024 | D99: Kendenup | E99: Medium | F99: Medium | G99: Poor | H99: Poor | I99: Medium | L99: Wheat | M99: Canola | P99: 146.2 | Q99: 175.2 | R99: 1.1555556 | S99: 21 | T99: 0 | U99: =S99/VLOOKUP(M99,Constants!$A$2:$B$5,2,FALSE) -> 3.36 | V99: =U99/100*R99*1000 -> 38.826667 | W99: =V99/Q99 -> 0.22161339 | X99: 107.4
A100: L | B100: Single Break | C100: 2024 | D100: Kendenup | E100: Medium | F100: Medium | G100: Poor | H100: Poor | I100: Medium | L100: Wheat | M100: Canola | P100: 79.2 | Q100: 75.2 | R100: 0.17777778 | S100: 0 | T100: 0 | U100: =S100/VLOOKUP(M100,Constants!$A$2:$B$5,2,FALSE) -> 0 | V100: =U100/100*R100*1000 -> 0 | W100: =V100/Q100 -> 0 | X100: 155.5
...

Sheet Constants
B1: N conversion factor
A2: Lupin | B2: 6.25
A3: Wheat | B3: 5.8
A4: Barley | B4: 5.61
A5: Canola | B5: 6.25
